comment_id,comment_id,platform,sentiment,respect,insult,humiliate,status,dehumanize,violence,genocide,attack_defend,hatespeech,hate_speech_score,text
6782,6782,0,3,4,3,2,3,2,0,0,2,1,0,if your mum didnt drop you head first you probably wouldn't be as retarded
5528,5528,0,2,2,2,1,2,2,1,1,2,0,-2,you are talking nonsense. Please dont insult the sacrifice of Syrians against tyranny in this way. No one was fighting for democracy or some such american religion.
4018,4018,0,1,1,1,1,2,1,1,1,2,0,-4,"/r/sino users are actual Chinese, many are nationalistic, which is why they intercepted events differently. It's an interesting sub because it lets you see the Chinese train of thought, as opposed to more white redditors taking up entire subreddits like /r/China"
42555,42555,3,2,2,2,2,2,2,2,2,2,0,-2,"It is odd to be pro black, yet you greet everyone, well I don't see pro white channels acknowledging anyone not their own. I think you caught something there"
10791,10791,0,4,4,4,3,2,2,0,0,3,0,0,"Pathetic. Go back and actually read what I wrote. Keeping with the racism thing, since you brought it up, it would go something like this. I lost at poker, the dealer was racist. My shoelace broke this morning, shoes are racist. That guy cut me off in the highway, he must be racist! I didn't get the job, the  interviewer must be racist. Um...not necessarily.  Automatically blaming (single trait) for every woe in your life, to the exclusion of all else, is both lazy and unrepresentative of reality. That's not anecdotal. That's reality."
24192,24192,2,4,3,3,3,4,1,1,0,3,0,0,These women so fucking poor is disgusting
46376,46376,3,3,3,3,2,3,2,2,2,3,0,-1,Iran is about to take it in the ass by the British
28086,28086,2,3,3,3,3,3,2,2,0,3,2,-1,gender bender tumblr military police escort huge massive creampie URL
29489,29489,2,2,2,2,1,2,1,1,1,1,0,-3,STOP KILLING HINDUS IN KASHMIR IN THE NAME OF JIIHHADD SAVE HINDUS IN HINDUSTAN AND SAVE YOUR SELF IN HINDUSTAN. ....STOP KILLING HUMANITY IN HINDUSTAN….....
477,477,0,4,4,0,4,4,4,0,0,4,2,1,"Inbred, racist assholes."
39599,39599,2,4,4,4,4,2,2,0,0,2,1,0,Mean ass bitch give a FUCK if u like me
38279,38279,2,2,3,2,1,2,1,0,0,3,0,-2,What's the reason for people to talk about their sexual pleasure preferences publicly?
17623,17623,0,2,2,2,2,2,2,0,0,2,0,-2,Generally Americans seem to be much mor wok with murder / genocide / death by lack of humane health care then ... pretty much everyone else among democratic nations.  Weird huh ?
5777,5777,0,3,3,3,2,3,2,0,0,3,0,-1,The Bible is just *random dudes pretending to have spoken to god* telling everyone to go to hell.
24205,24205,2,2,2,2,2,2,2,1,2,2,1,-3,"@roo_b_arts from what ive seen most of this stuff gets more attention from people quote tweeting to say ""look at this idiot"" than people genuinely agreeing. there is definitely a faction of people who are essentially anti-sex but even then its mostly people who find it easy to rt the extreme"
24840,24840,2,4,3,3,3,3,0,0,0,3,1,0,every june straight people give me more and more reasons to hate them
9513,9513,0,4,4,4,4,4,4,1,1,4,0,2,Send them back to where they came from.  Send them back! Send them back!
35614,35614,2,3,3,3,3,2,2,1,0,3,2,0,These definitely the same niggas Mary was being a lover and a secretary for..
49021,49021,3,3,3,3,1,3,2,1,1,3,0,0,"Dubai is the wrong place to film such a video. I wonder how much she got for using the Dubai hashtag. UAE, get your human rights straight before pretending to be modern and civilised. #nodubaiforme"
4674,4674,0,4,3,3,2,3,2,0,0,3,0,0,"So we have illegal immigrants engaged in child smuggling, illegal and unlicensed business ventures and dangerous operation of an undocumented vehicle in restricted airspace. Those aliens will face deportation back to their third-space shithole pretty soon."
